{"mean":{"confidence_interval":{"confidence_level":0.95,"lower_bound":-0.12264670198071698,"upper_bound":-0.09770079946551165},"point_estimate":-0.11016963611594777,"standard_error":0.00638186063099475},"median":{"confidence_interval":{"confidence_level":0.95,"lower_bound":-0.11860998096836184,"upper_bound":-0.09820886769338},"point_estimate":-0.1089041877759157,"standard_error":0.005165532676820595}}