{"mean":{"confidence_interval":{"confidence_level":0.95,"lower_bound":-0.00012274210689741858,"upper_bound":0.02641301356637323},"point_estimate":0.012469883193026554,"standard_error":0.006777152670603189},"median":{"confidence_interval":{"confidence_level":0.95,"lower_bound":-0.001713604011679002,"upper_bound":0.017403754778325453},"point_estimate":0.008123805454106847,"standard_error":0.005233223028420645}}