{"mean":{"confidence_interval":{"confidence_level":0.95,"lower_bound":-0.06554532124911198,"upper_bound":-0.021931478505946074},"point_estimate":-0.04419198093055232,"standard_error":0.011147865024128553},"median":{"confidence_interval":{"confidence_level":0.95,"lower_bound":-0.05930620688517807,"upper_bound":0.01725458757462084},"point_estimate":-0.010867958450008541,"standard_error":0.021347861689193354}}