{"mean":{"confidence_interval":{"confidence_level":0.95,"lower_bound":-0.04373328525601909,"upper_bound":0.01674054620695653},"point_estimate":-0.012620749629208672,"standard_error":0.015487601529379972},"median":{"confidence_interval":{"confidence_level":0.95,"lower_bound":-0.00741342167251402,"upper_bound":0.04639801681521716},"point_estimate":0.02603986423453386,"standard_error":0.014022753010708305}}