{"mean":{"confidence_interval":{"confidence_level":0.95,"lower_bound":-0.03543438264795993,"upper_bound":0.03662454773072257},"point_estimate":-0.002277389644426364,"standard_error":0.018397230678873975},"median":{"confidence_interval":{"confidence_level":0.95,"lower_bound":-0.011217067053523433,"upper_bound":0.015559881046128154},"point_estimate":0.002993296718770244,"standard_error":0.007022690491821537}}