{"mean":{"confidence_interval":{"confidence_level":0.95,"lower_bound":-0.09974781079588804,"upper_bound":-0.05104831493542778},"point_estimate":-0.07572123871824188,"standard_error":0.012388845488361508},"median":{"confidence_interval":{"confidence_level":0.95,"lower_bound":-0.0575456756892494,"upper_bound":0.009516041623073512},"point_estimate":-0.0257868789889385,"standard_error":0.017110566418148287}}