{"mean":{"confidence_interval":{"confidence_level":0.95,"lower_bound":21967.64627395121,"upper_bound":22952.38303941635},"point_estimate":22441.938756132477,"standard_error":252.00948193909147},"median":{"confidence_interval":{"confidence_level":0.95,"lower_bound":21418.716784869976,"upper_bound":22126.274142188166},"point_estimate":21764.258256410256,"standard_error":156.82267117936462},"median_abs_dev":{"confidence_interval":{"confidence_level":0.95,"lower_bound":937.229891636471,"upper_bound":1633.767603012434},"point_estimate":1214.281772486945,"standard_error":175.06107011594267},"slope":{"confidence_interval":{"confidence_level":0.95,"lower_bound":21542.000704487866,"upper_bound":22335.841089760124},"point_estimate":21902.51626895227,"standard_error":204.18044586482046},"std_dev":{"confidence_interval":{"confidence_level":0.95,"lower_bound":1887.6479277071205,"upper_bound":3084.3964270710358},"point_estimate":2535.2435942033294,"standard_error":305.76736838103335}}