{"mean":{"confidence_interval":{"confidence_level":0.95,"lower_bound":-0.05251467788316509,"upper_bound":0.011004894986685922},"point_estimate":-0.021471230333785507,"standard_error":0.016377307679594305},"median":{"confidence_interval":{"confidence_level":0.95,"lower_bound":-0.04700982036298229,"upper_bound":0.0034719847259264153},"point_estimate":-0.014984760228454297,"standard_error":0.01257362632344141}}