{"mean":{"confidence_interval":{"confidence_level":0.95,"lower_bound":-0.004788432841321292,"upper_bound":0.05863810711279378},"point_estimate":0.02622462015228777,"standard_error":0.01653287489745768},"median":{"confidence_interval":{"confidence_level":0.95,"lower_bound":-0.01531116532276477,"upper_bound":0.03769749353354346},"point_estimate":0.00991390494194877,"standard_error":0.014452514176460358}}