{"mean":{"confidence_interval":{"confidence_level":0.95,"lower_bound":101497744.24775,"upper_bound":104012635.7895},"point_estimate":102688845.07,"standard_error":644107.4740891468},"median":{"confidence_interval":{"confidence_level":0.95,"lower_bound":100687498.5,"upper_bound":102094797.0},"point_estimate":101434671.5,"standard_error":398251.957327731},"median_abs_dev":{"confidence_interval":{"confidence_level":0.95,"lower_bound":2817911.0529720783,"upper_bound":4801288.134057596},"point_estimate":3782926.4802396297,"standard_error":506297.39904028137},"slope":null,"std_dev":{"confidence_interval":{"confidence_level":0.95,"lower_bound":4689168.503468531,"upper_bound":7967118.994041573},"point_estimate":6465780.7902803095,"standard_error":837841.3471289432}}