{"mean":{"confidence_interval":{"confidence_level":0.95,"lower_bound":0.0222792892330313,"upper_bound":0.07461766949038968},"point_estimate":0.04851390717746962,"standard_error":0.013358084203887984},"median":{"confidence_interval":{"confidence_level":0.95,"lower_bound":0.04266137467766229,"upper_bound":0.10376986513351327},"point_estimate":0.08558791993130987,"standard_error":0.01736847589854798}}