{"mean":{"confidence_interval":{"confidence_level":0.95,"lower_bound":0.027317189833053007,"upper_bound":0.07949526939221432},"point_estimate":0.054011349528002794,"standard_error":0.013303253618611476},"median":{"confidence_interval":{"confidence_level":0.95,"lower_bound":0.023283628940770074,"upper_bound":0.05544574823055948},"point_estimate":0.03807778868202272,"standard_error":0.008394323211009809}}