{"mean":{"confidence_interval":{"confidence_level":0.95,"lower_bound":-0.07623442415222316,"upper_bound":-0.05094368463252465},"point_estimate":-0.06371835098015977,"standard_error":0.006466508982837051},"median":{"confidence_interval":{"confidence_level":0.95,"lower_bound":-0.08376100715260504,"upper_bound":-0.05904155514598619},"point_estimate":-0.0711865244275458,"standard_error":0.006309064889024047}}