{"mean":{"confidence_interval":{"confidence_level":0.95,"lower_bound":0.03973094719849314,"upper_bound":0.06342664677850084},"point_estimate":0.05141132936632742,"standard_error":0.006027064130657015},"median":{"confidence_interval":{"confidence_level":0.95,"lower_bound":0.04278490669503343,"upper_bound":0.0673654563332764},"point_estimate":0.05485598374428191,"standard_error":0.006262562703229887}}