{"mean":{"confidence_interval":{"confidence_level":0.95,"lower_bound":0.037403649455713096,"upper_bound":0.09986474299828742},"point_estimate":0.06819248460793959,"standard_error":0.01617245015614197},"median":{"confidence_interval":{"confidence_level":0.95,"lower_bound":0.035843179987060214,"upper_bound":0.07349955939012998},"point_estimate":0.054011696228011274,"standard_error":0.009617637105060004}}