{"mean":{"confidence_interval":{"confidence_level":0.95,"lower_bound":271588375.09975004,"upper_bound":276626498.90525},"point_estimate":274080021.01,"standard_error":1284375.931709522},"median":{"confidence_interval":{"confidence_level":0.95,"lower_bound":269829562.0,"upper_bound":276034994.0},"point_estimate":272906514.5,"standard_error":1615815.282515619},"median_abs_dev":{"confidence_interval":{"confidence_level":0.95,"lower_bound":8623110.569009185,"upper_bound":14692031.224799301},"point_estimate":10746033.610519767,"standard_error":1520667.1534704876},"slope":null,"std_dev":{"confidence_interval":{"confidence_level":0.95,"lower_bound":10754425.374474969,"upper_bound":14992484.314695442},"point_estimate":12922589.955998404,"standard_error":1085063.2408495555}}