{"mean":{"confidence_interval":{"confidence_level":0.95,"lower_bound":97253497.14025,"upper_bound":99228072.97675},"point_estimate":98197673.23,"standard_error":502786.72885060695},"median":{"confidence_interval":{"confidence_level":0.95,"lower_bound":95708888.0,"upper_bound":97423053.0},"point_estimate":96370957.0,"standard_error":474168.1039243054},"median_abs_dev":{"confidence_interval":{"confidence_level":0.95,"lower_bound":2038710.3251856586,"upper_bound":4044371.8660980463},"point_estimate":2732081.1165958643,"standard_error":534699.082112537},"slope":null,"std_dev":{"confidence_interval":{"confidence_level":0.95,"lower_bound":3833453.639178688,"upper_bound":6137224.676594545},"point_estimate":5065525.387396531,"standard_error":588966.3211074232}}