{"mean":{"confidence_interval":{"confidence_level":0.95,"lower_bound":-0.08084984008825598,"upper_bound":-0.04073087004335018},"point_estimate":-0.06117415973415774,"standard_error":0.010359920402353721},"median":{"confidence_interval":{"confidence_level":0.95,"lower_bound":-0.07365610455959015,"upper_bound":-0.03947739160009156},"point_estimate":-0.06268255567512393,"standard_error":0.009182972007879379}}