{"mean":{"confidence_interval":{"confidence_level":0.95,"lower_bound":-0.0006183611288079309,"upper_bound":0.06363968952705255},"point_estimate":0.030847407772418345,"standard_error":0.016430713343208617},"median":{"confidence_interval":{"confidence_level":0.95,"lower_bound":-0.0014680179127532673,"upper_bound":0.03855522075836215},"point_estimate":0.02000849095715318,"standard_error":0.010489102107487009}}