{"mean":{"confidence_interval":{"confidence_level":0.95,"lower_bound":103537324.387,"upper_bound":105047204.6215},"point_estimate":104270291.01,"standard_error":384216.10188062827},"median":{"confidence_interval":{"confidence_level":0.95,"lower_bound":102559790.0,"upper_bound":104313211.0},"point_estimate":103318238.0,"standard_error":463678.18981718743},"median_abs_dev":{"confidence_interval":{"confidence_level":0.95,"lower_bound":2188396.138948202,"upper_bound":3730464.680171013},"point_estimate":2874582.6956659555,"standard_error":412384.391459006},"slope":null,"std_dev":{"confidence_interval":{"confidence_level":0.95,"lower_bound":3065374.737141171,"upper_bound":4549911.60632005},"point_estimate":3859877.8885391126,"standard_error":378742.36574985913}}