{"mean":{"confidence_interval":{"confidence_level":0.95,"lower_bound":0.020684947588684433,"upper_bound":0.10718612981728708},"point_estimate":0.06206567115897599,"standard_error":0.022035169265992676},"median":{"confidence_interval":{"confidence_level":0.95,"lower_bound":0.007323834197801915,"upper_bound":0.05509292176260683},"point_estimate":0.02968187608283368,"standard_error":0.012359226482854107}}