{"mean":{"confidence_interval":{"confidence_level":0.95,"lower_bound":158985.93361727035,"upper_bound":164820.94402463702},"point_estimate":161750.60350982464,"standard_error":1491.955048413732},"median":{"confidence_interval":{"confidence_level":0.95,"lower_bound":157695.56756756757,"upper_bound":160242.43910256412},"point_estimate":158658.19947128094,"standard_error":626.7752591388745},"median_abs_dev":{"confidence_interval":{"confidence_level":0.95,"lower_bound":7433.709427893007,"upper_bound":12618.078605287199},"point_estimate":9575.953275204867,"standard_error":1256.807985405486},"slope":{"confidence_interval":{"confidence_level":0.95,"lower_bound":158880.26631980092,"upper_bound":166735.58667155576},"point_estimate":162460.55303187034,"standard_error":2015.8414956294407},"std_dev":{"confidence_interval":{"confidence_level":0.95,"lower_bound":10567.336637141596,"upper_bound":18948.339267624375},"point_estimate":14967.738879123506,"standard_error":2151.7889675074407}}