{"mean":{"confidence_interval":{"confidence_level":0.95,"lower_bound":-0.02385559194151417,"upper_bound":0.002979566583059576},"point_estimate":-0.011069283823552323,"standard_error":0.00680507823182682},"median":{"confidence_interval":{"confidence_level":0.95,"lower_bound":-0.029972776517644517,"upper_bound":-0.004122746368769414},"point_estimate":-0.018392135766315487,"standard_error":0.006536669809009267}}