{"mean":{"confidence_interval":{"confidence_level":0.95,"lower_bound":-0.09719747338016925,"upper_bound":-0.045621527960378466},"point_estimate":-0.07194113323567519,"standard_error":0.013167763467414105},"median":{"confidence_interval":{"confidence_level":0.95,"lower_bound":-0.06578332344418673,"upper_bound":-0.03904870221847514},"point_estimate":-0.05558239498925688,"standard_error":0.007024349983814793}}