{"mean":{"confidence_interval":{"confidence_level":0.95,"lower_bound":-0.022705616088621036,"upper_bound":0.030874859282191143},"point_estimate":0.004484189814840889,"standard_error":0.013752336497482276},"median":{"confidence_interval":{"confidence_level":0.95,"lower_bound":0.0008821298594965388,"upper_bound":0.03579466870346204},"point_estimate":0.01924914538948186,"standard_error":0.009089188496814163}}