{"mean":{"confidence_interval":{"confidence_level":0.95,"lower_bound":-0.017617905558645577,"upper_bound":0.04644529188172504},"point_estimate":0.011829194773272267,"standard_error":0.016372496089209567},"median":{"confidence_interval":{"confidence_level":0.95,"lower_bound":-0.015012359100141981,"upper_bound":0.01717855024146764},"point_estimate":-0.0009741241459358951,"standard_error":0.0077968513652224725}}