{"mean":{"confidence_interval":{"confidence_level":0.95,"lower_bound":115812029.67925,"upper_bound":118058187.91875},"point_estimate":116879865.48,"standard_error":572852.5154230954},"median":{"confidence_interval":{"confidence_level":0.95,"lower_bound":114442362.5,"upper_bound":115499833.5},"point_estimate":114959517.5,"standard_error":243626.800453111},"median_abs_dev":{"confidence_interval":{"confidence_level":0.95,"lower_bound":1722977.3359235402,"upper_bound":2906784.915354251},"point_estimate":2230871.14559412,"standard_error":295852.2523946539},"slope":null,"std_dev":{"confidence_interval":{"confidence_level":0.95,"lower_bound":4094535.0066660503,"upper_bound":7189333.580535373},"point_estimate":5761689.482829398,"standard_error":791132.4429028052}}