{"mean":{"confidence_interval":{"confidence_level":0.95,"lower_bound":-0.039299000799326175,"upper_bound":0.020538737594722134},"point_estimate":-0.008956803143624459,"standard_error":0.015235818411964997},"median":{"confidence_interval":{"confidence_level":0.95,"lower_bound":-0.0054315579343345854,"upper_bound":0.032648549454015185},"point_estimate":0.009036750571877583,"standard_error":0.00909290746440183}}