{"mean":{"confidence_interval":{"confidence_level":0.95,"lower_bound":32799.20214931286,"upper_bound":34456.30987379449},"point_estimate":33574.73428435959,"standard_error":423.8220476813479},"median":{"confidence_interval":{"confidence_level":0.95,"lower_bound":32002.027692307693,"upper_bound":32860.67231296632},"point_estimate":32418.251853171772,"standard_error":257.90451389949254},"median_abs_dev":{"confidence_interval":{"confidence_level":0.95,"lower_bound":1480.0084582860009,"upper_bound":2944.0075322341654},"point_estimate":2217.28741695447,"standard_error":400.1394391789276},"slope":{"confidence_interval":{"confidence_level":0.95,"lower_bound":31908.374389986864,"upper_bound":33090.55722272185},"point_estimate":32446.07320319196,"standard_error":303.2406224199888},"std_dev":{"confidence_interval":{"confidence_level":0.95,"lower_bound":2786.565845528779,"upper_bound":5565.430505916402},"point_estimate":4256.377061122231,"standard_error":711.3370035040509}}