{"mean":{"confidence_interval":{"confidence_level":0.95,"lower_bound":-0.04512792141070406,"upper_bound":0.020470660029739518},"point_estimate":-0.014292096567188994,"standard_error":0.01659336363749553},"median":{"confidence_interval":{"confidence_level":0.95,"lower_bound":-0.020786478189881104,"upper_bound":0.01414436353441273},"point_estimate":-0.0024484151554058364,"standard_error":0.008342891039691101}}