{"mean":{"confidence_interval":{"confidence_level":0.95,"lower_bound":-0.03632165099065276,"upper_bound":0.024261873160713644},"point_estimate":-0.008002291045669185,"standard_error":0.015303390559102938},"median":{"confidence_interval":{"confidence_level":0.95,"lower_bound":-0.039967963180697175,"upper_bound":-0.006280208101048124},"point_estimate":-0.019108193738174073,"standard_error":0.00832761319740863}}