{"mean":{"confidence_interval":{"confidence_level":0.95,"lower_bound":-0.03616244526888001,"upper_bound":0.02219943219520163},"point_estimate":-0.006739867689241286,"standard_error":0.014956574020049317},"median":{"confidence_interval":{"confidence_level":0.95,"lower_bound":-0.00738781618928408,"upper_bound":0.025279470831710515},"point_estimate":0.013662038276227806,"standard_error":0.008035415968948858}}