{"mean":{"confidence_interval":{"confidence_level":0.95,"lower_bound":0.017960717300705316,"upper_bound":0.06693937487201473},"point_estimate":0.04215123945435195,"standard_error":0.01252455731556601},"median":{"confidence_interval":{"confidence_level":0.95,"lower_bound":0.021431859594224445,"upper_bound":0.06256959243510685},"point_estimate":0.04492870322962683,"standard_error":0.010728491803368944}}