{"mean":{"confidence_interval":{"confidence_level":0.95,"lower_bound":0.001295315723255771,"upper_bound":0.050603903781352697},"point_estimate":0.02610265129260081,"standard_error":0.012590192405876536},"median":{"confidence_interval":{"confidence_level":0.95,"lower_bound":0.010068060688824598,"upper_bound":0.04806552416831367},"point_estimate":0.030622599319297006,"standard_error":0.009982320811813118}}