{"mean":{"confidence_interval":{"confidence_level":0.95,"lower_bound":-0.02062608084851164,"upper_bound":0.0571294902542227},"point_estimate":0.016093817346760186,"standard_error":0.01973106074744834},"median":{"confidence_interval":{"confidence_level":0.95,"lower_bound":-0.0049883548153456525,"upper_bound":0.04853179247985333},"point_estimate":0.027118549180295437,"standard_error":0.013819341311833466}}