{"mean":{"confidence_interval":{"confidence_level":0.95,"lower_bound":-0.12281530814681338,"upper_bound":-0.08704393077961772},"point_estimate":-0.1051415859557211,"standard_error":0.00911747166190623},"median":{"confidence_interval":{"confidence_level":0.95,"lower_bound":-0.12932950619756978,"upper_bound":-0.08997642719282095},"point_estimate":-0.10808128598283151,"standard_error":0.010836154162542475}}