{"mean":{"confidence_interval":{"confidence_level":0.95,"lower_bound":0.01954316159953599,"upper_bound":0.07598939340056518},"point_estimate":0.04703229546185339,"standard_error":0.014401261129468074},"median":{"confidence_interval":{"confidence_level":0.95,"lower_bound":0.051646384499953776,"upper_bound":0.10496078501404016},"point_estimate":0.07816927575098886,"standard_error":0.013703337844573421}}