{"mean":{"confidence_interval":{"confidence_level":0.95,"lower_bound":-0.04253203841335503,"upper_bound":0.02436917308020235},"point_estimate":-0.010398400235550054,"standard_error":0.017047407592633852},"median":{"confidence_interval":{"confidence_level":0.95,"lower_bound":-0.02873165977308756,"upper_bound":0.017345510471622694},"point_estimate":-0.00032132057467781916,"standard_error":0.011309432923669973}}