{"mean":{"confidence_interval":{"confidence_level":0.95,"lower_bound":106615088.28075,"upper_bound":108799736.50600001},"point_estimate":107660946.75,"standard_error":557335.4749134188},"median":{"confidence_interval":{"confidence_level":0.95,"lower_bound":105986299.0,"upper_bound":107651153.5},"point_estimate":106831263.0,"standard_error":388667.39893747395},"median_abs_dev":{"confidence_interval":{"confidence_level":0.95,"lower_bound":2964616.544267535,"upper_bound":4719017.994348182},"point_estimate":3518515.894433856,"standard_error":447326.25808765367},"slope":null,"std_dev":{"confidence_interval":{"confidence_level":0.95,"lower_bound":4179576.486286134,"upper_bound":6814951.629556296},"point_estimate":5574998.884463349,"standard_error":672413.3382049982}}