{"mean":{"confidence_interval":{"confidence_level":0.95,"lower_bound":0.07094269923898516,"upper_bound":0.12361192575182064},"point_estimate":0.09802657068807763,"standard_error":0.01345196205067511},"median":{"confidence_interval":{"confidence_level":0.95,"lower_bound":0.09328346401145171,"upper_bound":0.13775635503318928},"point_estimate":0.1141921966475199,"standard_error":0.011518908656674922}}