{"mean":{"confidence_interval":{"confidence_level":0.95,"lower_bound":-0.22284491750512606,"upper_bound":-0.19446044197502652},"point_estimate":-0.20914472654863692,"standard_error":0.00723511114244916},"median":{"confidence_interval":{"confidence_level":0.95,"lower_bound":-0.2210369857484394,"upper_bound":-0.1900130904733739},"point_estimate":-0.20378241509835948,"standard_error":0.007847895498414671}}